pop,ind,long,lat,NA,quality,D7s503,D5s1457,D7s1768,D3s1768,D2s442,D11s2002,D12s372,FESFPS,D2s1326,D1s548,D14s306
Galinha,Bija294,-15.71051703,11.44580402,0.00,1.00,153161,130134,248248,197209,316316,181181,226226,168168,255259,204232,183183
Galinha,Bija296,-15.71931602,11.44448203,0.38,0.55,153163,130130,232244,209229,0,181197,226226,168168,0,0,183211
Galinha,Bija297,-15.71929598,11.44450299,0.10,0.88,153163,130134,240244,197197,316316,181181,226226,160168,0,232232,183183
Galinha,Bija300,-15.71935298,11.444534,0.00,1.00,153163,130134,244248,209229,316324,181181,226230,168168,255255,204232,183183
Galinha,Bija394,-15.73216313,11.45833287,0.00,1.00,153163,130130,244244,209229,316320,181181,226226,168168,259259,232236,183183
Galinha,Bija399,-15.7322544,11.45825073,0.00,1.00,153155,130134,244244,209233,320324,181181,226226,168168,255255,204236,183183
Galinha,Bija401,-15.73225013,11.45827931,0.10,0.85,0,130130,240248,197229,316320,181181,218226,168168,255259,232236,183183
Galinha,Bija407,-15.73219598,11.45825325,0.00,0.90,153167,130130,240248,209225,320320,181181,226226,160168,259259,232236,183183
Galinha,Bija414,-15.73182668,11.45846095,0.10,0.75,153169,130130,244244,209225,316320,181181,226226,168168,0,220220,183183
Galinha,Bija419,-15.7321555,11.45835483,0.00,0.84,163163,130130,244244,209225,316320,181181,226226,168168,259259,232232,183191
Galinha,Bija427,-15.70678381,11.46098767,0.00,0.90,153163,130134,248252,229229,316320,181181,226226,168176,255259,232236,183211
Galinha,Bija432,-15.70686084,11.46071568,0.10,0.90,153163,130130,240244,225229,320320,181181,226226,0,255259,236236,183183
Galinha,Bija434,-15.70687107,11.46073655,0.00,0.98,153153,130130,248248,209209,316316,181181,226226,168168,255259,232232,183183
Galinha,Bija438,-15.70685129,11.46071778,0.00,0.95,153163,130130,240244,229233,320324,181181,226230,168168,259259,236236,183183
Galinha,Bija442,-15.7068274,11.4607503,0.00,0.90,153153,134138,244248,229233,316320,181181,226226,168168,255259,236236,183183
Canhabaque,B3.3,,,0.00,1.00,161161,126130,232236,201205,312312,193201,206206,160160,259267,228236,187191
Canhabaque,Bija280,-15.71231503,11.28579701,0.22,0.65,0,126130,232240,209209,308308,193193,206206,160160,259259,0,183183
Canhabaque,Bija290,-15.72421004,11.26693999,0.10,0.68,0,126134,236244,201205,312328,193201,210234,160160,255259,208232,183191
Canhabaque,Bija374,-15.69836905,11.27627802,0.00,0.93,155155,102138,244244,209209,316328,185189,214226,160160,255259,224224,183183
Canhabaque,Bija379,-15.69828733,11.27624743,0.22,0.69,151155,130130,240244,201209,316316,185205,226230,160160,0,0,183195
Canhabaque,Bija392,-15.71261368,11.27366262,0.00,1.00,155163,122130,240244,209209,316324,189193,214226,160160,251275,208228,187187
Canhabaque,BT1,,,0.00,1.00,151161,130130,236244,201201,308316,185201,214234,160160,239259,196208,191207
Canhabaque,BT2,,,0.00,1.00,161163,126130,240240,209213,316328,193205,206206,160160,255255,196208,183195
Canhabaque,Bush534,,,0.38,0.60,151161,102102,0,201201,308328,197201,214234,160160,0,0,183187
Canhabaque,Bush535,,,0.00,1.00,155163,126126,232244,205209,316316,189193,206206,160160,259259,208208,187203
Canhabaque,Bush536,,,0.22,0.80,163163,126126,0,201213,312312,189193,206206,152160,259259,0,183187
Canhabaque,Bush537,,,0.00,1.00,155161,130130,236236,205209,312316,193201,206214,160160,259259,228232,183195
Uno,Bija107,-16.19174673,11.2878598,0.00,0.73,157163,130130,240240,205205,308320,189193,206206,160160,247251,216224,187191
Uno,Bija135,-16.19176794,11.28788335,0.00,1.00,149157,130134,236240,205233,320320,197197,206206,164164,247267,224228,191195
Uno,Bija137,-16.19174916,11.2878541,0.10,0.74,163163,126130,240244,205205,312320,193197,206226,160164,0,212216,191191
Uno,Bija140,-16.18228298,11.29149402,0.00,1.00,157163,126130,240240,201209,316320,189197,206206,160160,247255,212224,187191
Uno,Bija141,-16.18192297,11.28978403,0.00,1.00,163163,122130,236240,205209,348348,193197,206206,160164,247267,212220,191191
Uno,Bija142,-16.24166641,11.24066968,0.00,1.00,163163,130130,232240,205209,308320,197197,206226,160160,255267,224224,191195
Uno,Bija143,-16.24181142,11.24068762,0.00,0.67,157163,130130,240248,201205,308348,197197,206218,160160,251267,196224,187191
Uno,Bija144,-16.24247946,11.2409892,0.00,1.00,157163,130130,240248,201201,312320,197197,206226,160164,251255,220224,187195
Uno,Bija145,-16.24245733,11.24098484,0.00,1.00,163163,130130,232240,201205,312320,197205,206206,160164,247267,216216,187191
Uno,Bija175,-16.19634102,11.23888702,0.00,0.95,157157,126130,240244,205205,316348,189197,206206,160160,255267,216224,187191
Uno,Bija178,-16.19634798,11.238926,0.10,0.69,0,122126,232240,205209,312344,189189,218226,160164,247251,220220,187187
Uno,Bija184,-16.19635703,11.23893999,0.00,0.75,163163,118130,240240,205205,316320,197197,206222,160160,247267,224224,191191
Uno,Bija56,-16.17435437,11.27102634,0.00,0.73,157163,126130,232240,209209,312320,189197,206226,160164,251251,224224,191191
Uno,Bija73,-16.17434221,11.27103221,0.10,0.69,0,126130,232244,205205,312320,189201,206226,160164,251267,216224,191191
Uno,Bija80,-16.17432084,11.27110831,0.00,1.00,157163,126126,240244,205205,320348,189197,206218,160164,267267,216216,191191
Uno,Bija84,-16.17435244,11.27098728,0.00,1.00,157157,126126,236240,205209,312320,189201,206206,160164,251255,224224,191195
Uno,Bija86,-16.17438077,11.27103422,0.00,0.86,157163,126130,240244,205209,312348,189197,206218,164164,251267,224244,191191
Uno,Bija99,-16.17419989,11.27105165,0.10,0.80,0,126130,240244,205205,308320,189201,206206,160164,255267,216216,191191
Uracane,Bija196,-16.10615459,11.31820682,0.22,0.58,149149,122130,232244,229233,304304,197197,226230,160160,0,212216,0
Uracane,Bija208,-16.10620153,11.31823498,0.10,0.55,149149,126130,236244,205229,304304,197209,222226,160160,0,212216,183183
Uracane,Bija214,-16.1061815,11.31822995,0.00,1.00,149149,126126,232244,233233,304304,197205,218222,160176,243259,220220,183195
Uracane,Bija218,-16.09123506,11.32986227,0.00,0.95,149149,122130,236240,225233,304304,205209,218234,160176,239251,216232,183195
Uracane,Bija219,-16.09134209,11.32981961,0.00,1.00,149149,126134,236236,205205,304304,197205,226226,160160,239259,212216,187191
Uracane,Bija221,-16.09099391,11.32969354,0.22,0.57,149149,126130,236244,0,304308,197197,222226,160160,0,212212,183191
Uracane,Bija223,-16.09090255,11.32995933,0.00,1.00,149149,126130,232236,233233,304304,197197,218222,160160,239259,212216,183183
Uracane,Bija224,-16.09101294,11.32993368,0.00,1.00,149149,122126,240248,233237,304304,193197,222222,160160,239239,212224,183195
Uracane,Bija227,-16.0909287,11.33020216,0.00,1.00,149149,126130,236240,229233,304304,197197,222230,160160,243259,212216,191195
Uracane,Bija230,-16.11566998,11.33543104,0.00,1.00,149149,126130,236240,205233,304304,197205,218234,160160,243251,220224,183191
Uracane,Bija235,-16.110468,11.32337803,0.00,1.00,149149,126130,240244,205205,304308,197197,222226,160160,243263,212224,183183
Uracane,Bija241,-16.11163753,11.31961389,0.00,1.00,149149,126130,236240,205233,304304,197209,222226,160176,243251,224224,183191
Uracane,Bija244,-16.11167978,11.31957818,0.00,0.95,149157,126126,236240,205205,304304,197197,222226,160160,251259,224228,183191
Uracane,Bija250,-16.11166812,11.31954675,0.00,0.88,149149,130134,240248,205233,304304,197209,222226,160160,251251,212220,191191
Uracane,Bija256,-16.11166544,11.31958161,0.00,0.95,149149,126126,240248,205229,304304,193213,222234,160160,239243,220232,183183
Caravela,Bija307,-16.30572402,11.50197501,0.22,0.65,0,130130,236240,225225,324332,209209,218222,160160,0,208208,187187
Caravela,Bija351,-16.30912296,11.49723102,0.00,1.00,167167,126126,248248,225225,296328,209209,222226,160160,239275,224224,187187
Caravela,Bija450,-16.31442896,11.4964132,0.00,0.98,161167,130130,248248,205205,328328,209209,226226,160160,275275,208212,187187
Caravela,Bija454,-16.31449032,11.49633517,0.00,0.70,161167,126130,240248,205225,324328,181209,226226,160160,251275,212216,187187